transaction_id,fraude
TXS1-00001,0
TXS1-00002,0
TXS1-00003,0
TXS1-00004,0
TXS1-00005,0
TXS1-00006,0
TXS1-00007,0
TXS1-00008,0
TXS1-00009,0
TXS1-00010,0
TXS1-00011,0
TXS1-00012,1
TXS1-00013,0
TXS1-00014,0
TXS1-00015,0
TXS1-00016,0
TXS1-00017,0
TXS1-00018,0
TXS1-00019,0
TXS1-00020,0
TXS1-00021,0
TXS1-00022,0
TXS1-00023,0
TXS1-00024,0
TXS1-00025,0
TXS1-00026,0
TXS1-00027,0
TXS1-00028,0
TXS1-00029,0
TXS1-00030,0
TXS1-00031,0
TXS1-00032,0
TXS1-00033,0
TXS1-00034,0
TXS1-00035,0
TXS1-00036,0
TXS1-00037,0
TXS1-00038,0
TXS1-00039,0
TXS1-00040,0
TXS1-00041,0
TXS1-00042,0
TXS1-00043,0
TXS1-00044,0
TXS1-00045,0
TXS1-00046,0
TXS1-00047,0
TXS1-00048,0
TXS1-00049,0
TXS1-00050,0
TXS1-00051,0
TXS1-00052,0
TXS1-00053,0
TXS1-00054,0
TXS1-00055,0
TXS1-00056,0
TXS1-00057,0
TXS1-00058,0
TXS1-00059,0
TXS1-00060,0
TXS1-00061,0
TXS1-00062,0
TXS1-00063,0
TXS1-00064,1
TXS1-00065,0
TXS1-00066,0
TXS1-00067,0
TXS1-00068,0
TXS1-00069,0
TXS1-00070,0
TXS1-00071,0
TXS1-00072,0
TXS1-00073,0
TXS1-00074,1
TXS1-00075,0
TXS1-00076,0
TXS1-00077,0
TXS1-00078,0
TXS1-00079,0
TXS1-00080,0
TXS1-00081,0
TXS1-00082,0
TXS1-00083,0
TXS1-00084,0
TXS1-00085,0
TXS1-00086,0
TXS1-00087,0
TXS1-00088,0
TXS1-00089,0
TXS1-00090,0
TXS1-00091,0
TXS1-00092,0
TXS1-00093,0
TXS1-00094,0
TXS1-00095,0
TXS1-00096,0
TXS1-00097,0
TXS1-00098,0
TXS1-00099,0
TXS1-00100,0
TXS1-00101,0
TXS1-00102,0
TXS1-00103,0
TXS1-00104,0
TXS1-00105,0
TXS1-00106,0
TXS1-00107,0
TXS1-00108,0
TXS1-00109,0
TXS1-00110,1
TXS1-00111,0
TXS1-00112,0
TXS1-00113,0
TXS1-00114,0
TXS1-00115,0
TXS1-00116,0
TXS1-00117,0
TXS1-00118,0
TXS1-00119,0
TXS1-00120,0
TXS1-00121,1
TXS1-00122,0
TXS1-00123,0
TXS1-00124,0
TXS1-00125,0
TXS1-00126,0
TXS1-00127,0
TXS1-00128,0
TXS1-00129,0
TXS1-00130,0
TXS1-00131,0
TXS1-00132,0
TXS1-00133,0
TXS1-00134,0
TXS1-00135,0
TXS1-00136,0
TXS1-00137,0
TXS1-00138,0
TXS1-00139,0
TXS1-00140,0
TXS1-00141,0
TXS1-00142,0
TXS1-00143,0
TXS1-00144,0
TXS1-00145,0
TXS1-00146,0
TXS1-00147,0
TXS1-00148,0
TXS1-00149,0
TXS1-00150,0
TXS1-00151,0
TXS1-00152,0
TXS1-00153,0
TXS1-00154,0
TXS1-00155,0
TXS1-00156,0
TXS1-00157,0
TXS1-00158,0
TXS1-00159,0
TXS1-00160,0
TXS1-00161,0
TXS1-00162,0
TXS1-00163,0
TXS1-00164,0
TXS1-00165,0
TXS1-00166,0
TXS1-00167,0
TXS1-00168,0
TXS1-00169,0
TXS1-00170,0
TXS1-00171,0
TXS1-00172,0
TXS1-00173,0
TXS1-00174,0
TXS1-00175,0
TXS1-00176,0
TXS1-00177,1
TXS1-00178,0
TXS1-00179,0
TXS1-00180,0
TXS1-00181,0
TXS1-00182,0
TXS1-00183,0
TXS1-00184,0
TXS1-00185,0
TXS1-00186,0
TXS1-00187,0
TXS1-00188,0
TXS1-00189,0
TXS1-00190,0
TXS1-00191,0
TXS1-00192,0
TXS1-00193,0
TXS1-00194,0
TXS1-00195,0
TXS1-00196,0
TXS1-00197,0
TXS1-00198,0
TXS1-00199,0
TXS1-00200,0
TXS1-00201,0
TXS1-00202,0
TXS1-00203,0
TXS1-00204,0
TXS1-00205,0
TXS1-00206,0
TXS1-00207,0
TXS1-00208,0
TXS1-00209,0
TXS1-00210,0
TXS1-00211,0
TXS1-00212,0
TXS1-00213,0
TXS1-00214,0
TXS1-00215,0
TXS1-00216,0
TXS1-00217,0
TXS1-00218,0
TXS1-00219,1
TXS1-00220,0
TXS1-00221,0
TXS1-00222,0
TXS1-00223,0
TXS1-00224,1
TXS1-00225,0
TXS1-00226,0
TXS1-00227,0
TXS1-00228,0
TXS1-00229,0
TXS1-00230,0
TXS1-00231,0
TXS1-00232,0
TXS1-00233,0
TXS1-00234,0
TXS1-00235,0
TXS1-00236,0
TXS1-00237,0
TXS1-00238,0
TXS1-00239,0
TXS1-00240,1
TXS1-00241,0
TXS1-00242,0
TXS1-00243,0
TXS1-00244,0
TXS1-00245,0
TXS1-00246,0
TXS1-00247,0
TXS1-00248,0
TXS1-00249,0
TXS1-00250,1
TXS1-00251,0
TXS1-00252,0
TXS1-00253,0
TXS1-00254,0
TXS1-00255,0
TXS1-00256,0
TXS1-00257,0
TXS1-00258,0
TXS1-00259,0
TXS1-00260,0
TXS1-00261,0
TXS1-00262,0
TXS1-00263,0
TXS1-00264,0
TXS1-00265,0
TXS1-00266,0
TXS1-00267,0
TXS1-00268,0
TXS1-00269,0
TXS1-00270,0
TXS1-00271,0
TXS1-00272,0
TXS1-00273,0
TXS1-00274,0
TXS1-00275,0
TXS1-00276,0
TXS1-00277,0
TXS1-00278,0
TXS1-00279,0
TXS1-00280,0
TXS1-00281,1
TXS1-00282,0
TXS1-00283,0
TXS1-00284,0
TXS1-00285,0
TXS1-00286,0
TXS1-00287,0
TXS1-00288,0
TXS1-00289,0
TXS1-00290,0
TXS1-00291,0
TXS1-00292,0
TXS1-00293,0
TXS1-00294,0
TXS1-00295,0
TXS1-00296,0
TXS1-00297,0
TXS1-00298,0
TXS1-00299,0
TXS1-00300,0
TXS1-00301,0
TXS1-00302,0
TXS1-00303,0
TXS1-00304,0
TXS1-00305,0
TXS1-00306,0
TXS1-00307,0
TXS1-00308,0
TXS1-00309,0
TXS1-00310,0
TXS1-00311,0
TXS1-00312,1
TXS1-00313,0
TXS1-00314,0
TXS1-00315,0
TXS1-00316,0
TXS1-00317,0
TXS1-00318,0
TXS1-00319,0
TXS1-00320,0
TXS1-00321,0
TXS1-00322,0
TXS1-00323,0
TXS1-00324,0
TXS1-00325,0
TXS1-00326,0
TXS1-00327,0
TXS1-00328,0
TXS1-00329,0
TXS1-00330,0
TXS1-00331,0
TXS1-00332,0
TXS1-00333,0
TXS1-00334,0
TXS1-00335,0
TXS1-00336,0
TXS1-00337,0
TXS1-00338,0
TXS1-00339,0
TXS1-00340,0
TXS1-00341,0
TXS1-00342,0
TXS1-00343,0
TXS1-00344,0
TXS1-00345,0
TXS1-00346,0
TXS1-00347,0
TXS1-00348,0
TXS1-00349,0
TXS1-00350,0
TXS1-00351,0
TXS1-00352,0
TXS1-00353,0
TXS1-00354,0
TXS1-00355,0
TXS1-00356,0
TXS1-00357,0
TXS1-00358,0
TXS1-00359,0
TXS1-00360,0
TXS1-00361,0
TXS1-00362,0
TXS1-00363,0
TXS1-00364,0
TXS1-00365,0
TXS1-00366,0
TXS1-00367,0
TXS1-00368,0
TXS1-00369,0
TXS1-00370,0
TXS1-00371,0
TXS1-00372,0
TXS1-00373,0
TXS1-00374,0
TXS1-00375,0
TXS1-00376,0
TXS1-00377,0
TXS1-00378,0
TXS1-00379,0
TXS1-00380,0
TXS1-00381,0
TXS1-00382,0
TXS1-00383,0
TXS1-00384,0
TXS1-00385,0
TXS1-00386,0
TXS1-00387,0
TXS1-00388,0
TXS1-00389,0
TXS1-00390,0
TXS1-00391,0
TXS1-00392,0
TXS1-00393,0
TXS1-00394,0
TXS1-00395,0
TXS1-00396,0
TXS1-00397,0
TXS1-00398,0
TXS1-00399,0
TXS1-00400,0
TXS1-00401,0
TXS1-00402,0
TXS1-00403,0
TXS1-00404,0
TXS1-00405,0
TXS1-00406,0
TXS1-00407,0
TXS1-00408,0
TXS1-00409,0
TXS1-00410,0
TXS1-00411,0
TXS1-00412,1
TXS1-00413,0
TXS1-00414,0
TXS1-00415,0
TXS1-00416,0
TXS1-00417,0
TXS1-00418,0
TXS1-00419,0
TXS1-00420,0
TXS1-00421,0
TXS1-00422,1
TXS1-00423,0
TXS1-00424,0
TXS1-00425,0
TXS1-00426,0
TXS1-00427,0
TXS1-00428,0
TXS1-00429,0
TXS1-00430,0
TXS1-00431,0
TXS1-00432,0
TXS1-00433,0
TXS1-00434,0
TXS1-00435,0
TXS1-00436,0
TXS1-00437,0
TXS1-00438,0
TXS1-00439,0
TXS1-00440,0
TXS1-00441,0
TXS1-00442,0
TXS1-00443,0
TXS1-00444,0
TXS1-00445,0
TXS1-00446,0
TXS1-00447,0
TXS1-00448,0
TXS1-00449,0
TXS1-00450,0
TXS1-00451,0
TXS1-00452,0
TXS1-00453,0
TXS1-00454,0
TXS1-00455,0
TXS1-00456,0
TXS1-00457,0
TXS1-00458,0
TXS1-00459,1
TXS1-00460,0
TXS1-00461,0
TXS1-00462,0
TXS1-00463,0
TXS1-00464,0
TXS1-00465,1
TXS1-00466,1
TXS1-00467,0
TXS1-00468,0
TXS1-00469,0
TXS1-00470,0
TXS1-00471,0
TXS1-00472,0
TXS1-00473,0
TXS1-00474,0
TXS1-00475,0
TXS1-00476,0
TXS1-00477,0
TXS1-00478,1
TXS1-00479,0
TXS1-00480,0
TXS1-00481,0
TXS1-00482,0
TXS1-00483,0
TXS1-00484,0
TXS1-00485,0
TXS1-00486,0
TXS1-00487,0
TXS1-00488,0
TXS1-00489,0
TXS1-00490,0
TXS1-00491,0
TXS1-00492,0
TXS1-00493,0
TXS1-00494,0
TXS1-00495,0
TXS1-00496,0
TXS1-00497,0
TXS1-00498,0
TXS1-00499,0
TXS1-00500,0
TXS1-00501,0
TXS1-00502,0
TXS1-00503,0
TXS1-00504,0
TXS1-00505,0
TXS1-00506,0
TXS1-00507,0
TXS1-00508,0
TXS1-00509,0
TXS1-00510,0
TXS1-00511,0
TXS1-00512,0
TXS1-00513,0
TXS1-00514,0
TXS1-00515,0
TXS1-00516,0
TXS1-00517,0
TXS1-00518,0
TXS1-00519,0
TXS1-00520,0
TXS1-00521,1
TXS1-00522,0
TXS1-00523,0
TXS1-00524,0
TXS1-00525,0
TXS1-00526,0
TXS1-00527,0
TXS1-00528,0
TXS1-00529,0
TXS1-00530,0
TXS1-00531,0
TXS1-00532,0
TXS1-00533,0
TXS1-00534,0
TXS1-00535,0
TXS1-00536,0
TXS1-00537,0
TXS1-00538,0
TXS1-00539,0
TXS1-00540,0
TXS1-00541,0
TXS1-00542,0
TXS1-00543,0
TXS1-00544,0
TXS1-00545,0
TXS1-00546,0
TXS1-00547,0
TXS1-00548,0
TXS1-00549,0
TXS1-00550,0
TXS1-00551,0
TXS1-00552,0
TXS1-00553,0
TXS1-00554,0
TXS1-00555,0
TXS1-00556,0
TXS1-00557,0
TXS1-00558,0
TXS1-00559,0
TXS1-00560,1
TXS1-00561,0
TXS1-00562,0
TXS1-00563,0
TXS1-00564,0
TXS1-00565,0
TXS1-00566,0
TXS1-00567,0
TXS1-00568,0
TXS1-00569,0
TXS1-00570,0
TXS1-00571,0
TXS1-00572,0
TXS1-00573,0
TXS1-00574,0
TXS1-00575,0
TXS1-00576,0
TXS1-00577,0
TXS1-00578,0
TXS1-00579,0
TXS1-00580,0
TXS1-00581,0
TXS1-00582,0
TXS1-00583,0
TXS1-00584,0
TXS1-00585,0
TXS1-00586,0
TXS1-00587,0
TXS1-00588,0
TXS1-00589,0
TXS1-00590,0
TXS1-00591,0
TXS1-00592,0
TXS1-00593,0
TXS1-00594,0
TXS1-00595,0
TXS1-00596,0
TXS1-00597,0
TXS1-00598,0
TXS1-00599,0
TXS1-00600,0
TXS1-00601,0
TXS1-00602,0
TXS1-00603,0
TXS1-00604,0
TXS1-00605,1
TXS1-00606,0
TXS1-00607,0
TXS1-00608,0
TXS1-00609,0
TXS1-00610,0
TXS1-00611,0
TXS1-00612,0
TXS1-00613,0
TXS1-00614,0
TXS1-00615,0
TXS1-00616,0
TXS1-00617,0
TXS1-00618,0
TXS1-00619,0
TXS1-00620,0
TXS1-00621,0
TXS1-00622,0
TXS1-00623,0
TXS1-00624,0
TXS1-00625,0
TXS1-00626,0
TXS1-00627,0
TXS1-00628,0
TXS1-00629,0
TXS1-00630,0
TXS1-00631,0
TXS1-00632,0
TXS1-00633,0
TXS1-00634,0
TXS1-00635,0
TXS1-00636,0
TXS1-00637,0
TXS1-00638,0
TXS1-00639,0
TXS1-00640,0
TXS1-00641,0
TXS1-00642,0
TXS1-00643,0
TXS1-00644,0
TXS1-00645,0
TXS1-00646,0
TXS1-00647,0
TXS1-00648,0
TXS1-00649,0
TXS1-00650,0
TXS1-00651,0
TXS1-00652,0
TXS1-00653,0
TXS1-00654,0
TXS1-00655,0
TXS1-00656,0
TXS1-00657,0
TXS1-00658,0
TXS1-00659,0
TXS1-00660,0
TXS1-00661,0
TXS1-00662,0
TXS1-00663,0
TXS1-00664,0
TXS1-00665,0
TXS1-00666,0
TXS1-00667,0
TXS1-00668,0
TXS1-00669,0
TXS1-00670,0
TXS1-00671,0
TXS1-00672,0
TXS1-00673,0
TXS1-00674,0
TXS1-00675,0
TXS1-00676,0
TXS1-00677,0
TXS1-00678,1
TXS1-00679,0
TXS1-00680,0
TXS1-00681,0
TXS1-00682,1
TXS1-00683,0
TXS1-00684,0
TXS1-00685,0
TXS1-00686,0
TXS1-00687,0
TXS1-00688,0
TXS1-00689,0
TXS1-00690,0
TXS1-00691,0
TXS1-00692,0
TXS1-00693,0
TXS1-00694,0
TXS1-00695,0
TXS1-00696,0
TXS1-00697,0
TXS1-00698,0
TXS1-00699,1
TXS1-00700,0
TXS1-00701,0
TXS1-00702,0
TXS1-00703,1
TXS1-00704,0
TXS1-00705,0
TXS1-00706,1
TXS1-00707,0
TXS1-00708,0
TXS1-00709,0
TXS1-00710,0
TXS1-00711,0
TXS1-00712,0
TXS1-00713,0
TXS1-00714,1
TXS1-00715,0
TXS1-00716,0
TXS1-00717,0
TXS1-00718,0
TXS1-00719,0
TXS1-00720,0
TXS1-00721,0
TXS1-00722,0
TXS1-00723,0
TXS1-00724,0
TXS1-00725,0
TXS1-00726,0
TXS1-00727,0
TXS1-00728,0
TXS1-00729,0
TXS1-00730,0
TXS1-00731,0
TXS1-00732,0
TXS1-00733,0
TXS1-00734,0
TXS1-00735,0
TXS1-00736,1
TXS1-00737,0
TXS1-00738,0
TXS1-00739,0
TXS1-00740,0
TXS1-00741,0
TXS1-00742,0
TXS1-00743,0
TXS1-00744,0
TXS1-00745,1
TXS1-00746,0
TXS1-00747,0
TXS1-00748,0
TXS1-00749,0
TXS1-00750,0
TXS1-00751,0
TXS1-00752,0
TXS1-00753,0
TXS1-00754,0
TXS1-00755,0
TXS1-00756,0
TXS1-00757,0
TXS1-00758,0
TXS1-00759,0
TXS1-00760,0
TXS1-00761,0
TXS1-00762,0
TXS1-00763,0
TXS1-00764,0
TXS1-00765,0
TXS1-00766,0
TXS1-00767,0
TXS1-00768,0
TXS1-00769,0
TXS1-00770,0
TXS1-00771,0
TXS1-00772,0
TXS1-00773,0
TXS1-00774,0
TXS1-00775,0
TXS1-00776,0
TXS1-00777,0
TXS1-00778,0
TXS1-00779,0
TXS1-00780,0
TXS1-00781,0
TXS1-00782,0
TXS1-00783,0
TXS1-00784,0
TXS1-00785,0
TXS1-00786,0
TXS1-00787,0
TXS1-00788,0
TXS1-00789,0
TXS1-00790,0
TXS1-00791,0
TXS1-00792,0
TXS1-00793,0
TXS1-00794,0
TXS1-00795,0
TXS1-00796,0
TXS1-00797,0
TXS1-00798,0
TXS1-00799,0
TXS1-00800,0
TXS1-00801,0
TXS1-00802,0
TXS1-00803,0
TXS1-00804,0
TXS1-00805,0
TXS1-00806,0
TXS1-00807,1
TXS1-00808,0
TXS1-00809,0
TXS1-00810,0
TXS1-00811,0
TXS1-00812,0
TXS1-00813,0
TXS1-00814,0
TXS1-00815,0
TXS1-00816,0
TXS1-00817,0
TXS1-00818,0
TXS1-00819,0
TXS1-00820,0
TXS1-00821,0
TXS1-00822,0
TXS1-00823,0
TXS1-00824,0
TXS1-00825,0
TXS1-00826,0
TXS1-00827,0
TXS1-00828,0
TXS1-00829,0
TXS1-00830,0
TXS1-00831,0
TXS1-00832,0
TXS1-00833,0
TXS1-00834,0
TXS1-00835,0
TXS1-00836,0
TXS1-00837,0
TXS1-00838,0
TXS1-00839,0
TXS1-00840,0
TXS1-00841,0
TXS1-00842,0
TXS1-00843,0
TXS1-00844,0
TXS1-00845,0
TXS1-00846,0
TXS1-00847,0
TXS1-00848,0
TXS1-00849,0
TXS1-00850,0
TXS1-00851,0
TXS1-00852,0
TXS1-00853,0
TXS1-00854,0
TXS1-00855,0
TXS1-00856,0
TXS1-00857,0
TXS1-00858,0
TXS1-00859,0
TXS1-00860,0
TXS1-00861,0
TXS1-00862,0
TXS1-00863,0
TXS1-00864,0
TXS1-00865,0
TXS1-00866,0
TXS1-00867,0
TXS1-00868,0
TXS1-00869,0
TXS1-00870,0
TXS1-00871,0
TXS1-00872,0
TXS1-00873,0
TXS1-00874,0
TXS1-00875,0
TXS1-00876,0
TXS1-00877,0
TXS1-00878,0
TXS1-00879,0
TXS1-00880,0
TXS1-00881,0
TXS1-00882,0
TXS1-00883,0
TXS1-00884,0
TXS1-00885,0
TXS1-00886,0
TXS1-00887,0
TXS1-00888,0
TXS1-00889,0
TXS1-00890,0
TXS1-00891,0
TXS1-00892,0
TXS1-00893,0
TXS1-00894,0
TXS1-00895,0
TXS1-00896,0
TXS1-00897,0
TXS1-00898,0
TXS1-00899,0
TXS1-00900,0
TXS1-00901,0
TXS1-00902,0
TXS1-00903,0
TXS1-00904,0
TXS1-00905,0
TXS1-00906,0
TXS1-00907,1
TXS1-00908,0
TXS1-00909,0
TXS1-00910,0
TXS1-00911,0
TXS1-00912,0
TXS1-00913,0
TXS1-00914,0
TXS1-00915,0
TXS1-00916,0
TXS1-00917,0
TXS1-00918,0
TXS1-00919,0
TXS1-00920,0
TXS1-00921,0
TXS1-00922,0
TXS1-00923,0
TXS1-00924,0
TXS1-00925,0
TXS1-00926,0
TXS1-00927,0
TXS1-00928,0
TXS1-00929,0
TXS1-00930,0
TXS1-00931,1
TXS1-00932,0
TXS1-00933,0
TXS1-00934,0
TXS1-00935,0
TXS1-00936,0
TXS1-00937,0
TXS1-00938,0
TXS1-00939,0
TXS1-00940,0
TXS1-00941,0
TXS1-00942,0
TXS1-00943,1
TXS1-00944,0
TXS1-00945,0
TXS1-00946,0
TXS1-00947,0
TXS1-00948,0
TXS1-00949,0
TXS1-00950,0
TXS1-00951,0
TXS1-00952,1
TXS1-00953,0
TXS1-00954,0
TXS1-00955,0
TXS1-00956,0
TXS1-00957,0
TXS1-00958,0
TXS1-00959,0
TXS1-00960,0
TXS1-00961,0
TXS1-00962,0
TXS1-00963,0
TXS1-00964,0
TXS1-00965,0
TXS1-00966,0
TXS1-00967,0
TXS1-00968,0
TXS1-00969,0
TXS1-00970,0
TXS1-00971,0
TXS1-00972,0
TXS1-00973,0
TXS1-00974,0
TXS1-00975,0
TXS1-00976,0
TXS1-00977,0
TXS1-00978,0
TXS1-00979,0
TXS1-00980,0
TXS1-00981,0
TXS1-00982,0
TXS1-00983,0
TXS1-00984,0
TXS1-00985,0
TXS1-00986,0
TXS1-00987,0
TXS1-00988,0
TXS1-00989,0
TXS1-00990,0
TXS1-00991,0
TXS1-00992,0
TXS1-00993,0
TXS1-00994,0
TXS1-00995,0
TXS1-00996,0
TXS1-00997,1
TXS1-00998,0
TXS1-00999,0
TXS1-01000,0
TXS1-01001,0
TXS1-01002,0
TXS1-01003,0
TXS1-01004,0
TXS1-01005,0
TXS1-01006,0
TXS1-01007,0
TXS1-01008,0
TXS1-01009,0
TXS1-01010,0
TXS1-01011,0
TXS1-01012,0
TXS1-01013,0
TXS1-01014,0
TXS1-01015,0
TXS1-01016,0
TXS1-01017,0
TXS1-01018,0
TXS1-01019,0
TXS1-01020,0
TXS1-01021,0
TXS1-01022,0
TXS1-01023,0
TXS1-01024,0
TXS1-01025,0
TXS1-01026,0
TXS1-01027,0
TXS1-01028,0
TXS1-01029,0
TXS1-01030,0
TXS1-01031,0
TXS1-01032,0
TXS1-01033,0
TXS1-01034,0
TXS1-01035,0
TXS1-01036,0
TXS1-01037,0
TXS1-01038,0
TXS1-01039,0
TXS1-01040,0
TXS1-01041,0
TXS1-01042,0
TXS1-01043,0
TXS1-01044,0
TXS1-01045,0
TXS1-01046,0
TXS1-01047,1
TXS1-01048,0
TXS1-01049,0
TXS1-01050,0
TXS1-01051,0
TXS1-01052,0
TXS1-01053,0
TXS1-01054,0
TXS1-01055,0
TXS1-01056,0
TXS1-01057,0
TXS1-01058,0
TXS1-01059,0
TXS1-01060,0
TXS1-01061,0
TXS1-01062,0
TXS1-01063,0
TXS1-01064,0
TXS1-01065,0
TXS1-01066,0
TXS1-01067,0
TXS1-01068,0
TXS1-01069,0
TXS1-01070,0
TXS1-01071,0
TXS1-01072,0
TXS1-01073,0
TXS1-01074,0
TXS1-01075,0
TXS1-01076,0
TXS1-01077,1
TXS1-01078,0
TXS1-01079,0
TXS1-01080,0
TXS1-01081,0
TXS1-01082,0
TXS1-01083,0
TXS1-01084,0
TXS1-01085,0
TXS1-01086,0
TXS1-01087,0
TXS1-01088,0
TXS1-01089,0
TXS1-01090,0
TXS1-01091,0
TXS1-01092,0
TXS1-01093,0
TXS1-01094,0
TXS1-01095,0
TXS1-01096,0
TXS1-01097,0
TXS1-01098,0
TXS1-01099,0
TXS1-01100,1
TXS1-01101,0
TXS1-01102,0
TXS1-01103,0
TXS1-01104,0
TXS1-01105,0
TXS1-01106,0
TXS1-01107,0
TXS1-01108,0
TXS1-01109,0
TXS1-01110,0
TXS1-01111,0
TXS1-01112,0
TXS1-01113,0
TXS1-01114,0
TXS1-01115,0
TXS1-01116,0
TXS1-01117,0
TXS1-01118,0
TXS1-01119,0
TXS1-01120,0
TXS1-01121,0
TXS1-01122,0
TXS1-01123,0
TXS1-01124,0
TXS1-01125,0
TXS1-01126,0
TXS1-01127,1
TXS1-01128,0
TXS1-01129,0
TXS1-01130,0
TXS1-01131,0
TXS1-01132,0
TXS1-01133,0
TXS1-01134,0
TXS1-01135,0
TXS1-01136,0
TXS1-01137,0
TXS1-01138,0
TXS1-01139,1
TXS1-01140,0
TXS1-01141,0
TXS1-01142,0
TXS1-01143,0
TXS1-01144,0
TXS1-01145,0
TXS1-01146,0
TXS1-01147,0
TXS1-01148,0
TXS1-01149,0
TXS1-01150,0
TXS1-01151,0
TXS1-01152,0
TXS1-01153,0
TXS1-01154,0
TXS1-01155,0
TXS1-01156,0
TXS1-01157,0
TXS1-01158,0
TXS1-01159,0
TXS1-01160,0
TXS1-01161,0
TXS1-01162,0
TXS1-01163,0
TXS1-01164,0
TXS1-01165,0
TXS1-01166,0
TXS1-01167,0
TXS1-01168,0
TXS1-01169,0
TXS1-01170,0
TXS1-01171,0
TXS1-01172,0
TXS1-01173,0
TXS1-01174,0
TXS1-01175,0
TXS1-01176,1
TXS1-01177,0
TXS1-01178,0
TXS1-01179,0
TXS1-01180,0
TXS1-01181,0
TXS1-01182,0
TXS1-01183,0
TXS1-01184,0
TXS1-01185,0
TXS1-01186,0
TXS1-01187,0
TXS1-01188,0
TXS1-01189,0
TXS1-01190,0
TXS1-01191,0
TXS1-01192,0
TXS1-01193,0
TXS1-01194,0
TXS1-01195,0
TXS1-01196,1
TXS1-01197,0
TXS1-01198,0
TXS1-01199,0
TXS1-01200,0
TXS1-01201,0
TXS1-01202,0
TXS1-01203,0
TXS1-01204,0
TXS1-01205,0
TXS1-01206,0
TXS1-01207,0
TXS1-01208,0
TXS1-01209,0
TXS1-01210,0
TXS1-01211,1
TXS1-01212,0
TXS1-01213,0
TXS1-01214,0
TXS1-01215,0
TXS1-01216,0
TXS1-01217,0
TXS1-01218,0
TXS1-01219,0
TXS1-01220,0
TXS1-01221,0
TXS1-01222,0
TXS1-01223,0
TXS1-01224,0
TXS1-01225,0
TXS1-01226,0
TXS1-01227,0
TXS1-01228,0
TXS1-01229,0
TXS1-01230,0
TXS1-01231,0
TXS1-01232,0
TXS1-01233,0
TXS1-01234,0
TXS1-01235,0
TXS1-01236,0
TXS1-01237,0
TXS1-01238,0
TXS1-01239,0
TXS1-01240,1
TXS1-01241,0
TXS1-01242,0
TXS1-01243,0
TXS1-01244,0
TXS1-01245,0
TXS1-01246,0
TXS1-01247,0
TXS1-01248,0
TXS1-01249,0
TXS1-01250,0
TXS1-01251,0
TXS1-01252,0
TXS1-01253,0
TXS1-01254,0
TXS1-01255,0
TXS1-01256,0
TXS1-01257,0
TXS1-01258,0
TXS1-01259,0
TXS1-01260,0
TXS1-01261,0
TXS1-01262,0
TXS1-01263,0
TXS1-01264,0
TXS1-01265,0
TXS1-01266,0
TXS1-01267,0
TXS1-01268,0
TXS1-01269,0
TXS1-01270,0
TXS1-01271,0
TXS1-01272,0
TXS1-01273,0
TXS1-01274,0
TXS1-01275,0
TXS1-01276,0
TXS1-01277,0
TXS1-01278,0
TXS1-01279,0
TXS1-01280,1
TXS1-01281,0
TXS1-01282,0
TXS1-01283,0
TXS1-01284,0
TXS1-01285,0
TXS1-01286,0
TXS1-01287,0
TXS1-01288,0
TXS1-01289,0
TXS1-01290,1
TXS1-01291,0
TXS1-01292,0
TXS1-01293,0
TXS1-01294,0
TXS1-01295,0
TXS1-01296,0
TXS1-01297,0
TXS1-01298,0
TXS1-01299,1
TXS1-01300,0
TXS1-01301,0
TXS1-01302,0
TXS1-01303,0
TXS1-01304,0
TXS1-01305,0
TXS1-01306,0
TXS1-01307,0
TXS1-01308,0
TXS1-01309,0
TXS1-01310,0
TXS1-01311,0
TXS1-01312,1
TXS1-01313,0
TXS1-01314,0
TXS1-01315,0
TXS1-01316,0
TXS1-01317,0
TXS1-01318,0
TXS1-01319,0
TXS1-01320,0
TXS1-01321,1
TXS1-01322,0
TXS1-01323,0
TXS1-01324,0
TXS1-01325,0
TXS1-01326,0
TXS1-01327,0
TXS1-01328,0
TXS1-01329,1
TXS1-01330,0
TXS1-01331,0
TXS1-01332,0
TXS1-01333,0
TXS1-01334,0
TXS1-01335,0
TXS1-01336,0
TXS1-01337,0
TXS1-01338,0
TXS1-01339,0
TXS1-01340,0
TXS1-01341,0
TXS1-01342,0
TXS1-01343,0
TXS1-01344,0
TXS1-01345,0
TXS1-01346,0
TXS1-01347,0
TXS1-01348,0
TXS1-01349,1
TXS1-01350,0
TXS1-01351,0
TXS1-01352,0
TXS1-01353,0
TXS1-01354,0
TXS1-01355,0
TXS1-01356,0
TXS1-01357,0
TXS1-01358,0
TXS1-01359,0
TXS1-01360,0
TXS1-01361,0
TXS1-01362,0
TXS1-01363,0
TXS1-01364,0
TXS1-01365,0
TXS1-01366,0
TXS1-01367,0
TXS1-01368,0
TXS1-01369,0
TXS1-01370,0
TXS1-01371,0
TXS1-01372,0
TXS1-01373,0
TXS1-01374,0
TXS1-01375,0
TXS1-01376,0
TXS1-01377,0
TXS1-01378,0
TXS1-01379,0
TXS1-01380,0
TXS1-01381,0
TXS1-01382,0
TXS1-01383,0
TXS1-01384,0
TXS1-01385,0
TXS1-01386,0
TXS1-01387,0
TXS1-01388,0
TXS1-01389,0
TXS1-01390,0
TXS1-01391,0
TXS1-01392,0
TXS1-01393,1
TXS1-01394,0
TXS1-01395,0
TXS1-01396,0
TXS1-01397,0
TXS1-01398,0
TXS1-01399,0
TXS1-01400,0
TXS1-01401,0
TXS1-01402,0
TXS1-01403,0
TXS1-01404,0
TXS1-01405,0
TXS1-01406,0
TXS1-01407,0
TXS1-01408,1
TXS1-01409,1
TXS1-01410,0
TXS1-01411,1
TXS1-01412,0
TXS1-01413,0
TXS1-01414,0
TXS1-01415,0
TXS1-01416,0
TXS1-01417,0
TXS1-01418,0
TXS1-01419,0
TXS1-01420,0
TXS1-01421,0
TXS1-01422,0
TXS1-01423,0
TXS1-01424,0
TXS1-01425,0
TXS1-01426,0
TXS1-01427,0
TXS1-01428,0
TXS1-01429,0
TXS1-01430,0
TXS1-01431,0
TXS1-01432,0
TXS1-01433,0
TXS1-01434,0
TXS1-01435,0
TXS1-01436,0
TXS1-01437,0
TXS1-01438,0
TXS1-01439,0
TXS1-01440,0
TXS1-01441,0
TXS1-01442,0
TXS1-01443,0
TXS1-01444,0
TXS1-01445,1
TXS1-01446,0
TXS1-01447,0
TXS1-01448,0
TXS1-01449,0
TXS1-01450,0
TXS1-01451,1
TXS1-01452,0
TXS1-01453,0
TXS1-01454,0
TXS1-01455,0
TXS1-01456,0
TXS1-01457,0
TXS1-01458,0
TXS1-01459,0
TXS1-01460,0
TXS1-01461,0
TXS1-01462,0
TXS1-01463,0
TXS1-01464,0
TXS1-01465,0
TXS1-01466,0
TXS1-01467,0
TXS1-01468,0
TXS1-01469,0
TXS1-01470,0
TXS1-01471,0
TXS1-01472,0
TXS1-01473,0
TXS1-01474,0
TXS1-01475,0
TXS1-01476,0
TXS1-01477,0
TXS1-01478,0
TXS1-01479,0
TXS1-01480,0
TXS1-01481,0
TXS1-01482,0
TXS1-01483,1
TXS1-01484,0
TXS1-01485,0
TXS1-01486,0
TXS1-01487,0
TXS1-01488,0
TXS1-01489,0
TXS1-01490,0
TXS1-01491,0
TXS1-01492,0
TXS1-01493,0
TXS1-01494,0
TXS1-01495,0
TXS1-01496,0
TXS1-01497,0
TXS1-01498,0
TXS1-01499,0
TXS1-01500,0
TXS1-01501,0
TXS1-01502,0
TXS1-01503,0
TXS1-01504,0
TXS1-01505,0
TXS1-01506,1
TXS1-01507,0
TXS1-01508,0
TXS1-01509,0
TXS1-01510,0
TXS1-01511,0
TXS1-01512,0
TXS1-01513,0
TXS1-01514,0
TXS1-01515,0
TXS1-01516,1
TXS1-01517,1
TXS1-01518,0
TXS1-01519,0
TXS1-01520,0
TXS1-01521,0
TXS1-01522,0
TXS1-01523,0
TXS1-01524,0
TXS1-01525,0
TXS1-01526,0
TXS1-01527,0
TXS1-01528,0
TXS1-01529,0
TXS1-01530,0
TXS1-01531,0
TXS1-01532,0
TXS1-01533,0
TXS1-01534,0
TXS1-01535,0
TXS1-01536,0
TXS1-01537,0
TXS1-01538,0
TXS1-01539,0
TXS1-01540,0
TXS1-01541,0
TXS1-01542,0
TXS1-01543,0
TXS1-01544,0
TXS1-01545,0
TXS1-01546,1
TXS1-01547,0
TXS1-01548,0
TXS1-01549,0
TXS1-01550,0
TXS1-01551,0
TXS1-01552,0
TXS1-01553,0
TXS1-01554,0
TXS1-01555,0
TXS1-01556,0
TXS1-01557,1
TXS1-01558,0
TXS1-01559,0
TXS1-01560,0
TXS1-01561,0
TXS1-01562,0
TXS1-01563,0
TXS1-01564,0
TXS1-01565,0
TXS1-01566,0
TXS1-01567,0
TXS1-01568,0
TXS1-01569,0
TXS1-01570,0
TXS1-01571,0
TXS1-01572,0
TXS1-01573,0
TXS1-01574,0
TXS1-01575,0
TXS1-01576,0
TXS1-01577,0
TXS1-01578,0
TXS1-01579,0
TXS1-01580,0
TXS1-01581,0
TXS1-01582,0
TXS1-01583,0
TXS1-01584,0
TXS1-01585,0
TXS1-01586,0
TXS1-01587,0
TXS1-01588,0
TXS1-01589,0
TXS1-01590,0
TXS1-01591,0
TXS1-01592,0
TXS1-01593,0
TXS1-01594,0
TXS1-01595,1
TXS1-01596,0
TXS1-01597,0
TXS1-01598,0
TXS1-01599,0
TXS1-01600,0
TXS1-01601,0
TXS1-01602,0
TXS1-01603,0
TXS1-01604,0
TXS1-01605,0
TXS1-01606,0
TXS1-01607,0
TXS1-01608,0
TXS1-01609,0
TXS1-01610,0
TXS1-01611,0
TXS1-01612,0
TXS1-01613,0
TXS1-01614,0
TXS1-01615,0
TXS1-01616,0
TXS1-01617,0
TXS1-01618,0
TXS1-01619,0
TXS1-01620,1
TXS1-01621,0
TXS1-01622,0
TXS1-01623,0
TXS1-01624,0
TXS1-01625,0
TXS1-01626,0
TXS1-01627,1
TXS1-01628,0
TXS1-01629,0
TXS1-01630,0
TXS1-01631,0
TXS1-01632,0
TXS1-01633,0
TXS1-01634,0
TXS1-01635,0
TXS1-01636,0
TXS1-01637,0
TXS1-01638,0
TXS1-01639,0
TXS1-01640,0
TXS1-01641,0
TXS1-01642,0
TXS1-01643,0
TXS1-01644,0
TXS1-01645,0
TXS1-01646,0
TXS1-01647,0
TXS1-01648,0
TXS1-01649,0
TXS1-01650,0
TXS1-01651,0
TXS1-01652,0
TXS1-01653,0
TXS1-01654,0
TXS1-01655,0
TXS1-01656,0
TXS1-01657,0
TXS1-01658,0
TXS1-01659,0
TXS1-01660,0
TXS1-01661,0
TXS1-01662,0
TXS1-01663,0
TXS1-01664,0
TXS1-01665,0
TXS1-01666,0
TXS1-01667,0
TXS1-01668,0
TXS1-01669,0
TXS1-01670,0
TXS1-01671,0
TXS1-01672,0
TXS1-01673,0
TXS1-01674,0
TXS1-01675,0
TXS1-01676,0
TXS1-01677,0
TXS1-01678,0
TXS1-01679,0
TXS1-01680,0
TXS1-01681,0
TXS1-01682,0
TXS1-01683,0
TXS1-01684,0
TXS1-01685,0
TXS1-01686,0
TXS1-01687,0
TXS1-01688,0
TXS1-01689,0
TXS1-01690,0
TXS1-01691,0
TXS1-01692,0
TXS1-01693,0
TXS1-01694,0
TXS1-01695,0
TXS1-01696,0
TXS1-01697,0
TXS1-01698,0
TXS1-01699,0
TXS1-01700,1
TXS1-01701,0
TXS1-01702,0
TXS1-01703,0
TXS1-01704,0
TXS1-01705,0
TXS1-01706,0
TXS1-01707,0
TXS1-01708,0
TXS1-01709,0
TXS1-01710,0
TXS1-01711,0
TXS1-01712,0
TXS1-01713,0
TXS1-01714,0
TXS1-01715,0
TXS1-01716,0
TXS1-01717,0
TXS1-01718,0
TXS1-01719,0
TXS1-01720,0
TXS1-01721,0
TXS1-01722,0
TXS1-01723,0
TXS1-01724,0
TXS1-01725,0
TXS1-01726,0
TXS1-01727,0
TXS1-01728,0
TXS1-01729,0
TXS1-01730,0
TXS1-01731,0
TXS1-01732,0
TXS1-01733,0
TXS1-01734,0
TXS1-01735,0
TXS1-01736,0
TXS1-01737,0
TXS1-01738,0
TXS1-01739,0
TXS1-01740,0
TXS1-01741,0
TXS1-01742,1
TXS1-01743,0
TXS1-01744,0
TXS1-01745,0
TXS1-01746,0
TXS1-01747,0
TXS1-01748,0
TXS1-01749,1
TXS1-01750,0
TXS1-01751,0
TXS1-01752,0
TXS1-01753,0
TXS1-01754,0
TXS1-01755,0
TXS1-01756,0
TXS1-01757,0
TXS1-01758,0
TXS1-01759,1
TXS1-01760,0
TXS1-01761,0
TXS1-01762,0
TXS1-01763,0
TXS1-01764,0
TXS1-01765,0
TXS1-01766,0
TXS1-01767,0
TXS1-01768,0
TXS1-01769,0
TXS1-01770,0
TXS1-01771,0
TXS1-01772,0
TXS1-01773,0
TXS1-01774,0
TXS1-01775,0
TXS1-01776,0
TXS1-01777,0
TXS1-01778,0
TXS1-01779,0
TXS1-01780,0
TXS1-01781,0
TXS1-01782,0
TXS1-01783,0
TXS1-01784,0
TXS1-01785,0
TXS1-01786,0
TXS1-01787,0
TXS1-01788,0
TXS1-01789,0
TXS1-01790,0
TXS1-01791,1
TXS1-01792,0
TXS1-01793,0
TXS1-01794,0
TXS1-01795,0
TXS1-01796,1
TXS1-01797,0
TXS1-01798,0
TXS1-01799,0
TXS1-01800,0
TXS1-01801,0
TXS1-01802,0
TXS1-01803,0
TXS1-01804,0
TXS1-01805,1
TXS1-01806,1
TXS1-01807,0
TXS1-01808,0
TXS1-01809,0
TXS1-01810,0
TXS1-01811,0
TXS1-01812,0
TXS1-01813,0
TXS1-01814,0
TXS1-01815,0
TXS1-01816,0
TXS1-01817,0
TXS1-01818,1
TXS1-01819,0
TXS1-01820,0
TXS1-01821,0
TXS1-01822,0
TXS1-01823,0
TXS1-01824,0
TXS1-01825,1
TXS1-01826,0
TXS1-01827,0
TXS1-01828,0
TXS1-01829,0
TXS1-01830,0
TXS1-01831,0
TXS1-01832,0
TXS1-01833,0
TXS1-01834,0
TXS1-01835,0
TXS1-01836,0
TXS1-01837,0
TXS1-01838,0
TXS1-01839,1
TXS1-01840,0
TXS1-01841,0
TXS1-01842,0
TXS1-01843,0
TXS1-01844,0
TXS1-01845,1
TXS1-01846,0
TXS1-01847,0
TXS1-01848,0
TXS1-01849,0
TXS1-01850,0
TXS1-01851,0
TXS1-01852,0
TXS1-01853,0
TXS1-01854,0
TXS1-01855,0
TXS1-01856,0
TXS1-01857,0
TXS1-01858,1
TXS1-01859,0
TXS1-01860,0
TXS1-01861,0
TXS1-01862,0
TXS1-01863,0
TXS1-01864,0
TXS1-01865,0
TXS1-01866,0
TXS1-01867,0
TXS1-01868,0
TXS1-01869,0
TXS1-01870,0
TXS1-01871,0
TXS1-01872,0
TXS1-01873,0
TXS1-01874,0
TXS1-01875,1
TXS1-01876,0
TXS1-01877,0
TXS1-01878,0
TXS1-01879,0
TXS1-01880,0
TXS1-01881,1
TXS1-01882,0
TXS1-01883,0
TXS1-01884,0
TXS1-01885,0
TXS1-01886,0
TXS1-01887,0
TXS1-01888,0
TXS1-01889,0
TXS1-01890,0
TXS1-01891,0
TXS1-01892,0
TXS1-01893,0
TXS1-01894,0
TXS1-01895,0
TXS1-01896,0
TXS1-01897,0
TXS1-01898,0
TXS1-01899,0
TXS1-01900,0
TXS1-01901,0
TXS1-01902,0
TXS1-01903,0
TXS1-01904,0
TXS1-01905,0
TXS1-01906,0
TXS1-01907,0
TXS1-01908,0
TXS1-01909,0
TXS1-01910,0
TXS1-01911,0
TXS1-01912,0
TXS1-01913,0
TXS1-01914,0
TXS1-01915,0
TXS1-01916,0
TXS1-01917,0
TXS1-01918,0
TXS1-01919,0
TXS1-01920,1
TXS1-01921,0
TXS1-01922,0
TXS1-01923,0
TXS1-01924,0
TXS1-01925,0
TXS1-01926,0
TXS1-01927,0
TXS1-01928,0
TXS1-01929,0
TXS1-01930,0
TXS1-01931,0
TXS1-01932,0
TXS1-01933,0
TXS1-01934,0
TXS1-01935,0
TXS1-01936,0
TXS1-01937,0
TXS1-01938,0
TXS1-01939,1
TXS1-01940,0
TXS1-01941,0
TXS1-01942,0
TXS1-01943,0
TXS1-01944,0
TXS1-01945,0
TXS1-01946,0
TXS1-01947,0
TXS1-01948,0
TXS1-01949,0
TXS1-01950,0
TXS1-01951,0
TXS1-01952,0
TXS1-01953,0
TXS1-01954,0
TXS1-01955,0
TXS1-01956,0
TXS1-01957,0
TXS1-01958,0
TXS1-01959,0
TXS1-01960,0
TXS1-01961,0
TXS1-01962,0
TXS1-01963,0
TXS1-01964,0
TXS1-01965,0
TXS1-01966,0
TXS1-01967,0
TXS1-01968,0
TXS1-01969,0
TXS1-01970,0
TXS1-01971,0
TXS1-01972,0
TXS1-01973,0
TXS1-01974,0
TXS1-01975,0
TXS1-01976,0
TXS1-01977,0
TXS1-01978,0
TXS1-01979,0
TXS1-01980,0
TXS1-01981,1
TXS1-01982,0
TXS1-01983,0
TXS1-01984,0
TXS1-01985,0
TXS1-01986,0
TXS1-01987,0
TXS1-01988,0
TXS1-01989,0
TXS1-01990,0
TXS1-01991,0
TXS1-01992,0
TXS1-01993,0
TXS1-01994,0
TXS1-01995,0
TXS1-01996,0
TXS1-01997,0
TXS1-01998,0
TXS1-01999,0
TXS1-02000,0
TXS1-02001,0
TXS1-02002,0
TXS1-02003,1
TXS1-02004,0
TXS1-02005,0
TXS1-02006,0
TXS1-02007,0
TXS1-02008,0
TXS1-02009,0
TXS1-02010,0
TXS1-02011,0
TXS1-02012,0
TXS1-02013,0
TXS1-02014,0
TXS1-02015,0
TXS1-02016,0
TXS1-02017,0
TXS1-02018,1
TXS1-02019,0
TXS1-02020,0
TXS1-02021,0
TXS1-02022,0
TXS1-02023,0
TXS1-02024,0
TXS1-02025,0
TXS1-02026,0
TXS1-02027,0
TXS1-02028,0
TXS1-02029,1
TXS1-02030,0
TXS1-02031,0
TXS1-02032,0
TXS1-02033,0
TXS1-02034,1
TXS1-02035,0
TXS1-02036,0
TXS1-02037,0
TXS1-02038,0
TXS1-02039,0
TXS1-02040,0
TXS1-02041,0
TXS1-02042,0
TXS1-02043,0
TXS1-02044,0
TXS1-02045,0
TXS1-02046,0
TXS1-02047,0
TXS1-02048,0
TXS1-02049,0
TXS1-02050,0
TXS1-02051,0
TXS1-02052,0
TXS1-02053,0
TXS1-02054,0
TXS1-02055,0
TXS1-02056,0
TXS1-02057,0
TXS1-02058,0
TXS1-02059,0
TXS1-02060,0
TXS1-02061,0
TXS1-02062,0
TXS1-02063,0
TXS1-02064,0
TXS1-02065,0
TXS1-02066,0
TXS1-02067,0
TXS1-02068,0
TXS1-02069,0
TXS1-02070,0
TXS1-02071,0
TXS1-02072,0
TXS1-02073,1
TXS1-02074,0
TXS1-02075,0
TXS1-02076,0
TXS1-02077,0
TXS1-02078,0
TXS1-02079,0
TXS1-02080,0
TXS1-02081,0
TXS1-02082,0
TXS1-02083,0
TXS1-02084,0
TXS1-02085,0
TXS1-02086,0
TXS1-02087,0
TXS1-02088,0
TXS1-02089,0
TXS1-02090,0
TXS1-02091,0
TXS1-02092,0
TXS1-02093,0
TXS1-02094,0
TXS1-02095,0
TXS1-02096,0
TXS1-02097,0
TXS1-02098,0
TXS1-02099,0
TXS1-02100,0
TXS1-02101,0
TXS1-02102,0
TXS1-02103,0
TXS1-02104,0
TXS1-02105,0
TXS1-02106,0
TXS1-02107,0
TXS1-02108,0
TXS1-02109,0
TXS1-02110,0
TXS1-02111,0
TXS1-02112,0
TXS1-02113,0
TXS1-02114,0
TXS1-02115,0
TXS1-02116,0
TXS1-02117,0
TXS1-02118,0
TXS1-02119,0
TXS1-02120,0
TXS1-02121,0
TXS1-02122,0
TXS1-02123,0
TXS1-02124,0
TXS1-02125,0
TXS1-02126,0
TXS1-02127,0
TXS1-02128,0
TXS1-02129,0
TXS1-02130,0
TXS1-02131,0
TXS1-02132,1
TXS1-02133,0
TXS1-02134,0
TXS1-02135,0
TXS1-02136,0
TXS1-02137,0
TXS1-02138,0
TXS1-02139,1
TXS1-02140,0
TXS1-02141,0
TXS1-02142,0
TXS1-02143,0
TXS1-02144,0
TXS1-02145,0
TXS1-02146,0
TXS1-02147,0
TXS1-02148,0
TXS1-02149,0
TXS1-02150,0
TXS1-02151,0
TXS1-02152,0
TXS1-02153,0
TXS1-02154,0
TXS1-02155,0
TXS1-02156,0
TXS1-02157,0
TXS1-02158,0
TXS1-02159,0
TXS1-02160,0
TXS1-02161,0
TXS1-02162,0
TXS1-02163,0
TXS1-02164,0
TXS1-02165,0
TXS1-02166,0
TXS1-02167,0
TXS1-02168,0
TXS1-02169,0
TXS1-02170,0
TXS1-02171,0
TXS1-02172,0
TXS1-02173,0
TXS1-02174,0
TXS1-02175,0
TXS1-02176,0
TXS1-02177,0
TXS1-02178,0
TXS1-02179,0
TXS1-02180,0
TXS1-02181,0
TXS1-02182,0
TXS1-02183,0
TXS1-02184,0
TXS1-02185,0
TXS1-02186,0
TXS1-02187,0
TXS1-02188,0
TXS1-02189,0
TXS1-02190,0
TXS1-02191,0
TXS1-02192,0
TXS1-02193,0
TXS1-02194,0
TXS1-02195,0
TXS1-02196,0
TXS1-02197,0
TXS1-02198,0
TXS1-02199,0
TXS1-02200,0
TXS1-02201,0
TXS1-02202,0
TXS1-02203,0
TXS1-02204,0
TXS1-02205,0
TXS1-02206,0
TXS1-02207,0
TXS1-02208,0
TXS1-02209,0
TXS1-02210,0
TXS1-02211,0
TXS1-02212,0
TXS1-02213,0
TXS1-02214,0
TXS1-02215,0
TXS1-02216,0
TXS1-02217,0
TXS1-02218,0
TXS1-02219,0
TXS1-02220,0
TXS1-02221,0
TXS1-02222,0
TXS1-02223,0
TXS1-02224,0
TXS1-02225,0
TXS1-02226,0
TXS1-02227,0
TXS1-02228,0
TXS1-02229,0
TXS1-02230,0
TXS1-02231,0
TXS1-02232,0
TXS1-02233,0
TXS1-02234,0
TXS1-02235,0
TXS1-02236,0
TXS1-02237,0
TXS1-02238,0
TXS1-02239,0
TXS1-02240,0
TXS1-02241,0
TXS1-02242,0
TXS1-02243,0
TXS1-02244,0
TXS1-02245,0
TXS1-02246,0
TXS1-02247,0
TXS1-02248,1
TXS1-02249,0
TXS1-02250,1
TXS1-02251,0
TXS1-02252,0
TXS1-02253,0
TXS1-02254,0
TXS1-02255,0
TXS1-02256,0
TXS1-02257,0
TXS1-02258,0
TXS1-02259,0
TXS1-02260,0
TXS1-02261,0
TXS1-02262,0
TXS1-02263,1
TXS1-02264,0
TXS1-02265,0
TXS1-02266,0
TXS1-02267,0
TXS1-02268,0
TXS1-02269,0
TXS1-02270,0
TXS1-02271,0
TXS1-02272,0
TXS1-02273,0
TXS1-02274,0
TXS1-02275,0
TXS1-02276,1
TXS1-02277,0
TXS1-02278,0
TXS1-02279,0
TXS1-02280,0
TXS1-02281,0
TXS1-02282,0
TXS1-02283,0
TXS1-02284,0
TXS1-02285,0
TXS1-02286,0
TXS1-02287,0
TXS1-02288,0
TXS1-02289,0
TXS1-02290,0
TXS1-02291,0
TXS1-02292,0
TXS1-02293,0
TXS1-02294,0
TXS1-02295,0
TXS1-02296,0
TXS1-02297,0
TXS1-02298,0
TXS1-02299,0
TXS1-02300,0
TXS1-02301,0
TXS1-02302,0
TXS1-02303,0
TXS1-02304,1
TXS1-02305,0
TXS1-02306,0
TXS1-02307,0
TXS1-02308,0
TXS1-02309,0
TXS1-02310,0
TXS1-02311,0
TXS1-02312,0
TXS1-02313,0
TXS1-02314,0
TXS1-02315,0
TXS1-02316,0
TXS1-02317,0
TXS1-02318,0
TXS1-02319,0
TXS1-02320,0
TXS1-02321,0
TXS1-02322,0
TXS1-02323,0
TXS1-02324,0
TXS1-02325,0
TXS1-02326,0
TXS1-02327,0
TXS1-02328,0
TXS1-02329,0
TXS1-02330,0
TXS1-02331,0
TXS1-02332,0
TXS1-02333,0
TXS1-02334,0
TXS1-02335,0
TXS1-02336,0
TXS1-02337,1
TXS1-02338,0
TXS1-02339,0
TXS1-02340,0
TXS1-02341,0
TXS1-02342,1
TXS1-02343,0
TXS1-02344,0
TXS1-02345,0
TXS1-02346,0
TXS1-02347,0
TXS1-02348,0
TXS1-02349,0
TXS1-02350,0
TXS1-02351,0
TXS1-02352,0
TXS1-02353,0
TXS1-02354,0
TXS1-02355,0
TXS1-02356,0
TXS1-02357,0
TXS1-02358,0
TXS1-02359,0
TXS1-02360,0
TXS1-02361,0
TXS1-02362,0
TXS1-02363,0
TXS1-02364,0
TXS1-02365,0
TXS1-02366,0
TXS1-02367,0
TXS1-02368,0
TXS1-02369,0
TXS1-02370,0
TXS1-02371,0
TXS1-02372,0
TXS1-02373,0
TXS1-02374,0
TXS1-02375,0
TXS1-02376,0
TXS1-02377,0
TXS1-02378,0
TXS1-02379,0
TXS1-02380,0
TXS1-02381,0
TXS1-02382,0
TXS1-02383,0
TXS1-02384,0
TXS1-02385,0
TXS1-02386,0
TXS1-02387,0
TXS1-02388,0
TXS1-02389,0
TXS1-02390,0
TXS1-02391,0
TXS1-02392,0
TXS1-02393,0
TXS1-02394,0
TXS1-02395,0
TXS1-02396,0
TXS1-02397,0
TXS1-02398,0
TXS1-02399,0
TXS1-02400,0
TXS1-02401,1
TXS1-02402,0
TXS1-02403,0
TXS1-02404,0
TXS1-02405,0
TXS1-02406,0
TXS1-02407,0
TXS1-02408,0
TXS1-02409,0
TXS1-02410,0
TXS1-02411,1
TXS1-02412,0
TXS1-02413,0
TXS1-02414,0
TXS1-02415,0
TXS1-02416,0
TXS1-02417,0
TXS1-02418,0
TXS1-02419,0
TXS1-02420,0
TXS1-02421,0
TXS1-02422,0
TXS1-02423,0
TXS1-02424,0
TXS1-02425,0
TXS1-02426,0
TXS1-02427,0
TXS1-02428,0
TXS1-02429,0
TXS1-02430,0
TXS1-02431,0
TXS1-02432,0
TXS1-02433,0
TXS1-02434,0
TXS1-02435,0
TXS1-02436,0
TXS1-02437,0
TXS1-02438,0
TXS1-02439,0
TXS1-02440,0
TXS1-02441,0
TXS1-02442,0
TXS1-02443,0
TXS1-02444,0
TXS1-02445,0
TXS1-02446,0
TXS1-02447,0
TXS1-02448,0
TXS1-02449,0
TXS1-02450,0
TXS1-02451,0
TXS1-02452,0
TXS1-02453,0
TXS1-02454,0
TXS1-02455,0
TXS1-02456,0
TXS1-02457,0
TXS1-02458,0
TXS1-02459,0
TXS1-02460,0
TXS1-02461,0
TXS1-02462,0
TXS1-02463,0
TXS1-02464,1
TXS1-02465,0
TXS1-02466,0
TXS1-02467,0
TXS1-02468,0
TXS1-02469,0
TXS1-02470,0
TXS1-02471,0
TXS1-02472,0
TXS1-02473,0
TXS1-02474,0
TXS1-02475,0
TXS1-02476,0
TXS1-02477,0
TXS1-02478,0
TXS1-02479,0
TXS1-02480,0
TXS1-02481,0
TXS1-02482,0
TXS1-02483,0
TXS1-02484,0
TXS1-02485,0
TXS1-02486,0
TXS1-02487,1
TXS1-02488,0
TXS1-02489,0
TXS1-02490,0
TXS1-02491,0
TXS1-02492,0
TXS1-02493,0
TXS1-02494,0
TXS1-02495,0
TXS1-02496,0
TXS1-02497,0
TXS1-02498,0
TXS1-02499,0
TXS1-02500,0
TXS1-02501,0
TXS1-02502,0
TXS1-02503,0
TXS1-02504,0
TXS1-02505,0
TXS1-02506,0
TXS1-02507,0
TXS1-02508,0
TXS1-02509,0
TXS1-02510,0
TXS1-02511,0
TXS1-02512,0
TXS1-02513,0
TXS1-02514,0
TXS1-02515,0
TXS1-02516,0
TXS1-02517,0
TXS1-02518,0
TXS1-02519,0
TXS1-02520,0
TXS1-02521,0
TXS1-02522,0
TXS1-02523,0
TXS1-02524,0
TXS1-02525,0
TXS1-02526,0
TXS1-02527,0
TXS1-02528,0
TXS1-02529,1
TXS1-02530,0
TXS1-02531,0
TXS1-02532,0
TXS1-02533,0
TXS1-02534,0
TXS1-02535,0
TXS1-02536,0
TXS1-02537,0
TXS1-02538,0
TXS1-02539,0
TXS1-02540,0
TXS1-02541,0
TXS1-02542,0
TXS1-02543,0
TXS1-02544,0
TXS1-02545,0
TXS1-02546,0
TXS1-02547,0
TXS1-02548,0
TXS1-02549,0
TXS1-02550,0
TXS1-02551,0
TXS1-02552,0
TXS1-02553,0
TXS1-02554,0
TXS1-02555,0
TXS1-02556,0
TXS1-02557,0
TXS1-02558,1
TXS1-02559,0
TXS1-02560,1
TXS1-02561,0
TXS1-02562,0
TXS1-02563,0
TXS1-02564,1
TXS1-02565,0
TXS1-02566,0
TXS1-02567,0
TXS1-02568,0
TXS1-02569,0
TXS1-02570,0
TXS1-02571,0
TXS1-02572,0
TXS1-02573,0
TXS1-02574,0
TXS1-02575,0
TXS1-02576,0
TXS1-02577,0
TXS1-02578,0
TXS1-02579,0
TXS1-02580,0
TXS1-02581,0
TXS1-02582,0
TXS1-02583,0
TXS1-02584,0
TXS1-02585,0
TXS1-02586,0
TXS1-02587,0
TXS1-02588,0
TXS1-02589,0
TXS1-02590,0
TXS1-02591,0
TXS1-02592,0
TXS1-02593,0
TXS1-02594,0
TXS1-02595,1
TXS1-02596,0
TXS1-02597,0
TXS1-02598,0
TXS1-02599,0
TXS1-02600,0
TXS1-02601,0
TXS1-02602,0
TXS1-02603,0
TXS1-02604,0
TXS1-02605,0
TXS1-02606,0
TXS1-02607,0
TXS1-02608,0
TXS1-02609,0
TXS1-02610,0
TXS1-02611,0
TXS1-02612,0
TXS1-02613,0
TXS1-02614,0
TXS1-02615,0
TXS1-02616,0
TXS1-02617,0
TXS1-02618,0
TXS1-02619,0
TXS1-02620,0
TXS1-02621,0
TXS1-02622,0
TXS1-02623,0
TXS1-02624,0
TXS1-02625,0
TXS1-02626,0
TXS1-02627,0
TXS1-02628,0
TXS1-02629,0
TXS1-02630,0
TXS1-02631,0
TXS1-02632,0
TXS1-02633,0
TXS1-02634,0
TXS1-02635,0
TXS1-02636,0
TXS1-02637,0
TXS1-02638,0
TXS1-02639,0
TXS1-02640,0
TXS1-02641,0
TXS1-02642,0
TXS1-02643,1
TXS1-02644,0
TXS1-02645,0
TXS1-02646,1
TXS1-02647,0
TXS1-02648,0
TXS1-02649,0
TXS1-02650,0
TXS1-02651,0
TXS1-02652,0
TXS1-02653,0
TXS1-02654,0
TXS1-02655,0
TXS1-02656,0
TXS1-02657,0
TXS1-02658,0
TXS1-02659,0
TXS1-02660,1
TXS1-02661,0
TXS1-02662,0
TXS1-02663,0
TXS1-02664,0
TXS1-02665,0
TXS1-02666,0
TXS1-02667,0
TXS1-02668,0
TXS1-02669,0
TXS1-02670,0
TXS1-02671,1
TXS1-02672,0
TXS1-02673,0
TXS1-02674,0
TXS1-02675,0
TXS1-02676,0
TXS1-02677,0
TXS1-02678,0
TXS1-02679,0
TXS1-02680,0
TXS1-02681,0
TXS1-02682,0
TXS1-02683,0
TXS1-02684,0
TXS1-02685,0
TXS1-02686,0
TXS1-02687,0
TXS1-02688,0
TXS1-02689,0
TXS1-02690,0
TXS1-02691,0
TXS1-02692,0
TXS1-02693,0
TXS1-02694,0
TXS1-02695,0
TXS1-02696,0
TXS1-02697,0
TXS1-02698,0
TXS1-02699,0
TXS1-02700,0
TXS1-02701,1
TXS1-02702,0
TXS1-02703,0
TXS1-02704,0
TXS1-02705,0
TXS1-02706,0
TXS1-02707,0
TXS1-02708,0
TXS1-02709,0
TXS1-02710,0
TXS1-02711,0
TXS1-02712,0
TXS1-02713,0
TXS1-02714,0
TXS1-02715,0
TXS1-02716,0
TXS1-02717,0
TXS1-02718,1
TXS1-02719,0
TXS1-02720,0
TXS1-02721,0
TXS1-02722,0
TXS1-02723,0
TXS1-02724,0
TXS1-02725,0
TXS1-02726,0
TXS1-02727,0
TXS1-02728,0
TXS1-02729,0
TXS1-02730,0
TXS1-02731,0
TXS1-02732,0
TXS1-02733,0
TXS1-02734,0
TXS1-02735,0
TXS1-02736,0
TXS1-02737,0
TXS1-02738,0
TXS1-02739,1
TXS1-02740,0
TXS1-02741,0
TXS1-02742,0
TXS1-02743,0
TXS1-02744,0
TXS1-02745,0
TXS1-02746,0
TXS1-02747,0
TXS1-02748,0
TXS1-02749,0
TXS1-02750,0
TXS1-02751,0
TXS1-02752,0
TXS1-02753,0
TXS1-02754,0
TXS1-02755,0
TXS1-02756,0
TXS1-02757,0
TXS1-02758,0
TXS1-02759,0
TXS1-02760,0
TXS1-02761,0
TXS1-02762,0
TXS1-02763,0
TXS1-02764,0
TXS1-02765,0
TXS1-02766,0
TXS1-02767,0
TXS1-02768,0
TXS1-02769,0
TXS1-02770,0
TXS1-02771,0
TXS1-02772,0
TXS1-02773,0
TXS1-02774,0
TXS1-02775,0
TXS1-02776,0
TXS1-02777,1
TXS1-02778,0
TXS1-02779,1
TXS1-02780,0
TXS1-02781,0
TXS1-02782,0
TXS1-02783,0
TXS1-02784,0
TXS1-02785,0
TXS1-02786,0
TXS1-02787,0
TXS1-02788,0
TXS1-02789,0
TXS1-02790,0
TXS1-02791,0
TXS1-02792,0
TXS1-02793,0
TXS1-02794,0
TXS1-02795,0
TXS1-02796,0
TXS1-02797,0
TXS1-02798,0
TXS1-02799,0
TXS1-02800,0
TXS1-02801,0
TXS1-02802,0
TXS1-02803,0
TXS1-02804,0
TXS1-02805,0
TXS1-02806,0
TXS1-02807,0
TXS1-02808,1
TXS1-02809,0
TXS1-02810,0
TXS1-02811,0
TXS1-02812,0
TXS1-02813,1
TXS1-02814,0
TXS1-02815,0
TXS1-02816,0
TXS1-02817,0
TXS1-02818,0
TXS1-02819,0
TXS1-02820,1
TXS1-02821,0
TXS1-02822,0
TXS1-02823,0
TXS1-02824,0
TXS1-02825,0
TXS1-02826,0
TXS1-02827,0
TXS1-02828,0
TXS1-02829,0
TXS1-02830,0
TXS1-02831,0
TXS1-02832,0
TXS1-02833,0
TXS1-02834,0
TXS1-02835,1
TXS1-02836,0
TXS1-02837,0
TXS1-02838,0
TXS1-02839,0
TXS1-02840,0
TXS1-02841,1
TXS1-02842,1
TXS1-02843,0
TXS1-02844,0
TXS1-02845,1
TXS1-02846,0
TXS1-02847,0
TXS1-02848,0
TXS1-02849,0
TXS1-02850,0
TXS1-02851,0
TXS1-02852,0
TXS1-02853,0
TXS1-02854,0
TXS1-02855,0
TXS1-02856,0
TXS1-02857,0
TXS1-02858,0
TXS1-02859,0
TXS1-02860,0
TXS1-02861,0
TXS1-02862,0
TXS1-02863,0
TXS1-02864,0
TXS1-02865,0
TXS1-02866,0
TXS1-02867,0
TXS1-02868,0
TXS1-02869,0
TXS1-02870,0
TXS1-02871,0
TXS1-02872,0
TXS1-02873,0
TXS1-02874,0
TXS1-02875,0
TXS1-02876,0
TXS1-02877,0
TXS1-02878,0
TXS1-02879,0
TXS1-02880,0
TXS1-02881,0
TXS1-02882,0
TXS1-02883,0
TXS1-02884,0
TXS1-02885,0
TXS1-02886,0
TXS1-02887,0
TXS1-02888,0
TXS1-02889,0
TXS1-02890,1
TXS1-02891,0
TXS1-02892,0
TXS1-02893,0
TXS1-02894,0
TXS1-02895,0
TXS1-02896,0
TXS1-02897,0
TXS1-02898,0
TXS1-02899,0
TXS1-02900,0
TXS1-02901,0
TXS1-02902,0
TXS1-02903,0
TXS1-02904,1
TXS1-02905,0
TXS1-02906,0
TXS1-02907,0
TXS1-02908,1
TXS1-02909,0
TXS1-02910,0
TXS1-02911,0
TXS1-02912,0
TXS1-02913,0
TXS1-02914,0
TXS1-02915,1
TXS1-02916,0
TXS1-02917,0
TXS1-02918,1
TXS1-02919,0
TXS1-02920,0
TXS1-02921,0
TXS1-02922,0
TXS1-02923,0
TXS1-02924,0
TXS1-02925,0
TXS1-02926,0
TXS1-02927,0
TXS1-02928,1
TXS1-02929,0
TXS1-02930,0
TXS1-02931,0
TXS1-02932,0
TXS1-02933,0
TXS1-02934,0
TXS1-02935,0
TXS1-02936,0
TXS1-02937,0
TXS1-02938,0
TXS1-02939,0
TXS1-02940,0
TXS1-02941,0
TXS1-02942,0
TXS1-02943,1
TXS1-02944,0
TXS1-02945,0
TXS1-02946,0
TXS1-02947,0
TXS1-02948,0
TXS1-02949,0
TXS1-02950,0
TXS1-02951,0
TXS1-02952,0
TXS1-02953,0
TXS1-02954,0
TXS1-02955,0
TXS1-02956,0
TXS1-02957,0
TXS1-02958,0
TXS1-02959,0
TXS1-02960,0
TXS1-02961,0
TXS1-02962,0
TXS1-02963,0
TXS1-02964,0
TXS1-02965,0
TXS1-02966,0
TXS1-02967,0
TXS1-02968,0
TXS1-02969,0
TXS1-02970,0
TXS1-02971,0
TXS1-02972,0
TXS1-02973,0
TXS1-02974,0
TXS1-02975,0
TXS1-02976,0
TXS1-02977,0
TXS1-02978,0
TXS1-02979,0
TXS1-02980,0
TXS1-02981,0
TXS1-02982,0
TXS1-02983,0
TXS1-02984,0
TXS1-02985,0
TXS1-02986,0
TXS1-02987,0
TXS1-02988,1
TXS1-02989,0
TXS1-02990,0
TXS1-02991,0
TXS1-02992,0
TXS1-02993,0
TXS1-02994,0
TXS1-02995,0
TXS1-02996,0
TXS1-02997,0
TXS1-02998,0
TXS1-02999,0
TXS1-03000,0
